"_id","title","identifier","type","creator","license","rightsHolder","created"
"113508","E 83670. Holaster sp.","https://data.nhm.ac.uk/media/1fef5cad-a792-41f8-a4cd-3beb5603768a","StillImage","Consuelo Sendino","http://creativecommons.org/licenses/by/4.0/","The Trustees of the Natural History Museum, London","1361378728000"
"584801","NHM-UK_P_DF118_02_62_0245","https://data.nhm.ac.uk/media/10161aed-295f-489e-9ac0-38c32a3b9ed3","StillImage","","http://creativecommons.org/licenses/by/4.0/","The Trustees of the Natural History Museum, London","1403828050000"
"113634","Carchariidae a","https://data.nhm.ac.uk/media/c0bba265-eaa5-47e6-ae9a-274a4a1f6788","StillImage","Consuelo Sendino","http://creativecommons.org/licenses/by/4.0/","The Trustees of the Natural History Museum, London","1361459995000"
"113635","Carchariidae b","https://data.nhm.ac.uk/media/f80c8d3a-7fa4-4e38-ae7b-ca61aa56bd5b","StillImage","Consuelo Sendino","http://creativecommons.org/licenses/by/4.0/","The Trustees of the Natural History Museum, London","1361460073000"
"113433","E 83671. Echinites discoides","https://data.nhm.ac.uk/media/5d587e03-ceff-4f3b-8dcd-6b04404b5e48","StillImage","Consuelo Sendino","http://creativecommons.org/licenses/by/4.0/","The Trustees of the Natural History Museum, London","1361363465000"
"584801","NHM-UK_P_DF118_02_62_0245","https://data.nhm.ac.uk/media/10161aed-295f-489e-9ac0-38c32a3b9ed3","StillImage","","http://creativecommons.org/licenses/by/4.0/","The Trustees of the Natural History Museum, London","1403828050000"
"113918","AZ 10279.","https://data.nhm.ac.uk/media/69faec77-cf32-47fb-9194-5b5d0bcf974f","StillImage","Consuelo Sendino","http://creativecommons.org/licenses/by/4.0/","The Trustees of the Natural History Museum, London","1361890893000"
"113461","E 83676. Echinites ovaricus","https://data.nhm.ac.uk/media/073bbf9c-29dd-45fe-86c7-fff98c7b24c0","StillImage","Consuelo Sendino","http://creativecommons.org/licenses/by/4.0/","The Trustees of the Natural History Museum, London","1361371205000"
"584801","NHM-UK_P_DF118_02_62_0245","https://data.nhm.ac.uk/media/10161aed-295f-489e-9ac0-38c32a3b9ed3","StillImage","","http://creativecommons.org/licenses/by/4.0/","The Trustees of the Natural History Museum, London","1403828050000"
"1974286","NHM-UK_PI_E_83920","https://data.nhm.ac.uk/media/8f4e9554-9504-4cc9-b1be-80448662645d","StillImage","Consuelo Sendino","http://creativecommons.org/licenses/by/4.0/","The Trustees of the Natural History Museum, London","1486647702000"
"113440","E 83673. Galeatus echinites","https://data.nhm.ac.uk/media/6e5aebb7-05b9-4a5e-8eec-ef9f493968d5","StillImage","Consuelo Sendino","http://creativecommons.org/licenses/by/4.0/","The Trustees of the Natural History Museum, London","1361369017000"
"584801","NHM-UK_P_DF118_02_62_0245","https://data.nhm.ac.uk/media/10161aed-295f-489e-9ac0-38c32a3b9ed3","StillImage","","http://creativecommons.org/licenses/by/4.0/","The Trustees of the Natural History Museum, London","1403828050000"
"113445","E 83674. Echinites ovaricus","https://data.nhm.ac.uk/media/268aef3b-46ef-4437-bed7-2322b8ebc737","StillImage","Consuelo Sendino","http://creativecommons.org/licenses/by/4.0/","The Trustees of the Natural History Museum, London","1361369744000"
"584801","NHM-UK_P_DF118_02_62_0245","https://data.nhm.ac.uk/media/10161aed-295f-489e-9ac0-38c32a3b9ed3","StillImage","","http://creativecommons.org/licenses/by/4.0/","The Trustees of the Natural History Museum, London","1403828050000"
"113801","TG 26542. Voluta luctator","https://data.nhm.ac.uk/media/79cdb826-e4d6-42fb-a6cd-cbcf73555c00","StillImage","Consuelo Sendino","http://creativecommons.org/licenses/by/4.0/","The Trustees of the Natural History Museum, London","1361803764000"
"113802","Voluta luctator a 2","https://data.nhm.ac.uk/media/14ddb08b-3303-453c-92e8-85d5a7bc95f5","StillImage","Consuelo Sendino","http://creativecommons.org/licenses/by/4.0/","The Trustees of the Natural History Museum, London","1361803942000"
"113475","E 83683. Echinites galeatus 2","https://data.nhm.ac.uk/media/a219569c-879a-4f43-852f-8c07e4b7dd14","StillImage","Consuelo Sendino","http://creativecommons.org/licenses/by/4.0/","The Trustees of the Natural History Museum, London","1361374360000"
"113457","E 83675. Echinites","https://data.nhm.ac.uk/media/f4996dcc-7f81-447d-92ac-287b9ccb5b8d","StillImage","Consuelo Sendino","http://creativecommons.org/licenses/by/4.0/","The Trustees of the Natural History Museum, London","1361370626000"
"584801","NHM-UK_P_DF118_02_62_0245","https://data.nhm.ac.uk/media/10161aed-295f-489e-9ac0-38c32a3b9ed3","StillImage","","http://creativecommons.org/licenses/by/4.0/","The Trustees of the Natural History Museum, London","1403828050000"
"113474","E 83677. Echinites galeatus","https://data.nhm.ac.uk/media/8a734dae-7f78-4e3a-87c3-1944592dca48","StillImage","Consuelo Sendino","http://creativecommons.org/licenses/by/4.0/","The Trustees of the Natural History Museum, London","1361374181000"
"584801","NHM-UK_P_DF118_02_62_0245","https://data.nhm.ac.uk/media/10161aed-295f-489e-9ac0-38c32a3b9ed3","StillImage","","http://creativecommons.org/licenses/by/4.0/","The Trustees of the Natural History Museum, London","1403828050000"
"114451","TF 272. Teredolites","https://data.nhm.ac.uk/media/4f78ebe2-213a-42d5-8155-6ffa9698e1ce","StillImage","Consuelo Sendino","http://creativecommons.org/licenses/by/4.0/","The Trustees of the Natural History Museum, London","1361978919000"
"113437","Echinites ovaricus","https://data.nhm.ac.uk/media/a18d52e4-e98d-4b2d-b221-765648fb4d09","StillImage","Consuelo Sendino","http://creativecommons.org/licenses/by/4.0/","The Trustees of the Natural History Museum, London","1361368011000"
"584801","NHM-UK_P_DF118_02_62_0245","https://data.nhm.ac.uk/media/10161aed-295f-489e-9ac0-38c32a3b9ed3","StillImage","","http://creativecommons.org/licenses/by/4.0/","The Trustees of the Natural History Museum, London","1403828050000"
"113505","E 83669. Encrinus","https://data.nhm.ac.uk/media/ca12fb7e-2789-46d5-9488-c7d8efd85fcb","StillImage","Consuelo Sendino","http://creativecommons.org/licenses/by/4.0/","The Trustees of the Natural History Museum, London","1361377983000"
"584801","NHM-UK_P_DF118_02_62_0245","https://data.nhm.ac.uk/media/10161aed-295f-489e-9ac0-38c32a3b9ed3","StillImage","","http://creativecommons.org/licenses/by/4.0/","The Trustees of the Natural History Museum, London","1403828050000"
"811533","NHM-UK_P_DF118_03_29_0297","https://data.nhm.ac.uk/media/8f86217b-c0fc-40ca-99ad-cf79fcd83c95","StillImage","","http://creativecommons.org/licenses/by/4.0/","The Trustees of the Natural History Museum, London","1412522116000"
"114428","E 83678. Clypeaster batheri 1","https://data.nhm.ac.uk/media/f4e64043-0275-474a-bf2f-0a9fff8b0490","StillImage","","http://creativecommons.org/licenses/by/4.0/","The Trustees of the Natural History Museum, London","1361973314000"
"114430","E 83678. Clypeaster batheri 2","https://data.nhm.ac.uk/media/243a0449-ff69-46a5-8661-05a99b336a6d","StillImage","","http://creativecommons.org/licenses/by/4.0/","The Trustees of the Natural History Museum, London","1361973515000"
"114431","E 83678. Clypeaster batheri 3","https://data.nhm.ac.uk/media/766bc0ef-6fbf-4084-8aa9-38611b550f4c","StillImage","","http://creativecommons.org/licenses/by/4.0/","The Trustees of the Natural History Museum, London","1361973576000"
"584801","NHM-UK_P_DF118_02_62_0245","https://data.nhm.ac.uk/media/10161aed-295f-489e-9ac0-38c32a3b9ed3","StillImage","","http://creativecommons.org/licenses/by/4.0/","The Trustees of the Natural History Museum, London","1403828050000"
"114432","OR 36840. Cimomia imperialis 1","https://data.nhm.ac.uk/media/fe7a2a54-80ac-49c9-a887-717005d53b75","StillImage","Consuelo Sendino","http://creativecommons.org/licenses/by/4.0/","The Trustees of the Natural History Museum, London","1361974295000"
"114433","OR 36840. Cimomia imperialis 2","https://data.nhm.ac.uk/media/792e9c00-905d-4189-ae9b-e09e0d0f681d","StillImage","Consuelo Sendino","http://creativecommons.org/licenses/by/4.0/","The Trustees of the Natural History Museum, London","1361974413000"
"114434","OR 36840. Cimomia imperialis 3","https://data.nhm.ac.uk/media/1d1666ba-6cc4-4e93-b485-7abee21a90d7","StillImage","Consuelo Sendino","http://creativecommons.org/licenses/by/4.0/","The Trustees of the Natural History Museum, London","1361974657000"
"613248","NHM-UK_P_DF118_02_01_0451","https://data.nhm.ac.uk/media/cac9acf9-5899-459c-a26e-38c7e9e1beb3","StillImage","","http://creativecommons.org/licenses/by/4.0/","The Trustees of the Natural History Museum, London","1405531026000"
"613807","NHM-UK_P_DF118_02_02_0451","https://data.nhm.ac.uk/media/874317af-d42e-46e6-aff2-09144da25fbe","StillImage","","http://creativecommons.org/licenses/by/4.0/","The Trustees of the Natural History Museum, London","1405568639000"
"113944","GG 25026. Cochlites sp.","https://data.nhm.ac.uk/media/b8a00668-8055-4115-af53-4285559ca366","StillImage","Consuelo Sendino","http://creativecommons.org/licenses/by/4.0/","The Trustees of the Natural History Museum, London","1361893271000"
"113776","Cardinia attenuata Stutchbury a","https://data.nhm.ac.uk/media/ce30b759-30b4-4d28-8a5d-4dc6e54a6e6e","StillImage","Consuelo Sendino","http://creativecommons.org/licenses/by/4.0/","The Trustees of the Natural History Museum, London","1361794392000"
"114444","P 52860. Aetobatus arcuatus","https://data.nhm.ac.uk/media/ae51b3db-dee4-40eb-9751-3821f8b07aa0","StillImage","Consuelo Sendino","http://creativecommons.org/licenses/by/4.0/","The Trustees of the Natural History Museum, London","1361976546000"
"113788","Cardinia attenuata Stutchbury c","https://data.nhm.ac.uk/media/2a57bece-f943-44f1-ba3d-4473b04a948f","StillImage","Consuelo Sendino","http://creativecommons.org/licenses/by/4.0/","The Trustees of the Natural History Museum, London","1361795109000"
"113810","Cochlea morphite","https://data.nhm.ac.uk/media/267b6cde-b6c3-4b5e-b40e-5c0d5626c922","StillImage","Consuelo Sendino","http://creativecommons.org/licenses/by/4.0/","The Trustees of the Natural History Museum, London","1361805306000"
"113936","P 52860. Carcharodon hastalis","https://data.nhm.ac.uk/media/2e04446d-b49c-4a29-97b5-ba17c8d766db","StillImage","Consuelo Sendino","http://creativecommons.org/licenses/by/4.0/","The Trustees of the Natural History Museum, London","1361892234000"
"822341","NHM-UK_P_DF118_03_18_0023","https://data.nhm.ac.uk/media/801c401e-1e5c-4889-94df-ff2a491aaca1","StillImage","","http://creativecommons.org/licenses/by/4.0/","The Trustees of the Natural History Museum, London","1412620397000"
"113642","OR 11587","https://data.nhm.ac.uk/media/63fe451c-d848-46a8-8e04-0f36ac1cef50","StillImage","Consuelo Sendino","http://creativecommons.org/licenses/by/4.0/","The Trustees of the Natural History Museum, London","1361461047000"
"118497","TG 26749. Voluta lima","https://data.nhm.ac.uk/media/4b0f39a0-ad54-4954-a050-7a563de27cd2","StillImage","Consuelo Sendino","http://creativecommons.org/licenses/by/4.0/","The Trustees of the Natural History Museum, London","1365087754000"
"114307","TG 26544. Voluta lima","https://data.nhm.ac.uk/media/1acd240c-c028-4b00-93e2-d84eab15f6f1","StillImage","Consuelo Sendino","http://creativecommons.org/licenses/by/4.0/","The Trustees of the Natural History Museum, London","1361962797000"
"114445","M 92502","https://data.nhm.ac.uk/media/7a528dd5-1522-4b6f-857f-d2a4a5116e2a","StillImage","Consuelo Sendino","http://creativecommons.org/licenses/by/4.0/","The Trustees of the Natural History Museum, London","1361976849000"
"113803","TG 26744. Voluta luctator","https://data.nhm.ac.uk/media/d5ffef19-9833-4ccf-901c-11f56aa72605","StillImage","Consuelo Sendino","http://creativecommons.org/licenses/by/4.0/","The Trustees of the Natural History Museum, London","1361804128000"
"113919","P 73126. Carcharodon megalodon.","https://data.nhm.ac.uk/media/c1554e8c-7f00-4549-b658-26f2ba29c0c7","StillImage","Consuelo Sendino","http://creativecommons.org/licenses/by/4.0/","The Trustees of the Natural History Museum, London","1361891001000"
"113920","P 73126. Carcharodon megalodon.","https://data.nhm.ac.uk/media/0f0751c4-bb30-4173-8e6d-541bbbdb5b9f","StillImage","Consuelo Sendino","http://creativecommons.org/licenses/by/4.0/","The Trustees of the Natural History Museum, London","1361891083000"
"113921","P 73126. Carcharodon megalodon.","https://data.nhm.ac.uk/media/632271e2-d6fa-4024-bceb-72dbcc058a33","StillImage","Consuelo Sendino","http://creativecommons.org/licenses/by/4.0/","The Trustees of the Natural History Museum, London","1361891170000"
"113857","BF 63. Terebratula acuta","https://data.nhm.ac.uk/media/5764877e-16cf-4e65-a4e1-21d25e105c86","StillImage","Consuelo Sendino","http://creativecommons.org/licenses/by/4.0/","The Trustees of the Natural History Museum, London","1361812628000"
"118467","TB 14517. Cardium fittoni","https://data.nhm.ac.uk/media/dbef3af4-a608-461b-843e-d2b545905192","StillImage","Consuelo Sendino","http://creativecommons.org/licenses/by/4.0/","The Trustees of the Natural History Museum, London","1365080623000"
"118479","TB 14524. Cardium fittoni","https://data.nhm.ac.uk/media/fe970b26-26bc-4971-8c62-36dce27a4672","StillImage","Consuelo Sendino","http://creativecommons.org/licenses/by/4.0/","The Trustees of the Natural History Museum, London","1365082498000"
"113865","BF 70. Terebratula acuta","https://data.nhm.ac.uk/media/53ed2f9b-502b-47c9-a29e-d656d1ba2ae1","StillImage","Consuelo Sendino","http://creativecommons.org/licenses/by/4.0/","The Trustees of the Natural History Museum, London","1361813456000"
"113807","TB 14467.","https://data.nhm.ac.uk/media/f6b6b61b-25b4-4107-8e69-7306a6baa191","StillImage","Consuelo Sendino","http://creativecommons.org/licenses/by/4.0/","The Trustees of the Natural History Museum, London","1361804504000"
"113859","BF 65. Terebratula acuta d","https://data.nhm.ac.uk/media/9c843ec3-af31-48da-af5b-207ab26c06fb","StillImage","Consuelo Sendino","http://creativecommons.org/licenses/by/4.0/","The Trustees of the Natural History Museum, London","1361812793000"
"113765","Gryphites","https://data.nhm.ac.uk/media/0eff10fd-2f39-4f64-8a43-3cd6993a3ed8","StillImage","Consuelo Sendino","http://creativecommons.org/licenses/by/4.0/","The Trustees of the Natural History Museum, London","1361792717000"
"113487","CN 131. Nautilus sp.","https://data.nhm.ac.uk/media/01ae838f-12ea-47ae-b75e-688e7b24096d","StillImage","Consuelo Sendino","http://creativecommons.org/licenses/by/4.0/","The Trustees of the Natural History Museum, London","1361376162000"
"113767","Mytiloides vulagris","https://data.nhm.ac.uk/media/60c6e00c-0ac2-4c1a-bd01-1d659df9f38f","StillImage","Consuelo Sendino","http://creativecommons.org/licenses/by/4.0/","The Trustees of the Natural History Museum, London","1361793069000"
"113791","Pectenculus oblongus","https://data.nhm.ac.uk/media/6c97633b-0f3f-4513-827a-60bd6144cd68","StillImage","Consuelo Sendino","http://creativecommons.org/licenses/by/4.0/","The Trustees of the Natural History Museum, London","1361799954000"
"118496","TG 26748. Voluta lima","https://data.nhm.ac.uk/media/a336d05c-02b3-4b12-8a6c-245eeefe822a","StillImage","Consuelo Sendino","http://creativecommons.org/licenses/by/4.0/","The Trustees of the Natural History Museum, London","1365087610000"
"118494","TG 26746. Voluta lima","https://data.nhm.ac.uk/media/01527990-9db9-4b00-9345-a6735b58987f","StillImage","Consuelo Sendino","http://creativecommons.org/licenses/by/4.0/","The Trustees of the Natural History Museum, London","1365087315000"
"113798","TG 26743. Voluta luctator","https://data.nhm.ac.uk/media/31d75349-8359-4b91-91c9-69aa0ee6f1d1","StillImage","Consuelo Sendino","http://creativecommons.org/licenses/by/4.0/","The Trustees of the Natural History Museum, London","1361803291000"
"113912","P 73123. Carcharodon megalodon.","https://data.nhm.ac.uk/media/e4321b2a-ac54-4fa1-94b7-448524093cea","StillImage","Consuelo Sendino","http://creativecommons.org/licenses/by/4.0/","The Trustees of the Natural History Museum, London","1361890143000"
"113632","P 73127. Carcharodon megalodon","https://data.nhm.ac.uk/media/5e03b58d-692e-4def-aab8-c037b102dc9b","StillImage","Consuelo Sendino","http://creativecommons.org/licenses/by/4.0/","The Trustees of the Natural History Museum, London","1361459566000"
"113629","Carcharodon megalodon","https://data.nhm.ac.uk/media/8f909473-f68f-4280-9bfb-d74620697710","StillImage","Consuelo Sendino","http://creativecommons.org/licenses/by/4.0/","The Trustees of the Natural History Museum, London","1361458901000"
"118486","TB 14530. Cardium fittoni","https://data.nhm.ac.uk/media/e5a95926-556a-4c19-9ff9-9c2d266c19ba","StillImage","Consuelo Sendino","http://creativecommons.org/licenses/by/4.0/","The Trustees of the Natural History Museum, London","1365083312000"
"118474","TB 14520. Cardium fittoni","https://data.nhm.ac.uk/media/257954bb-3ce2-49b9-9952-3dd5113be44c","StillImage","Consuelo Sendino","http://creativecommons.org/licenses/by/4.0/","The Trustees of the Natural History Museum, London","1365081976000"
"113795","TG 26541. Voluta luctator","https://data.nhm.ac.uk/media/2a3fb51e-95b5-4448-bfdb-a4e58609580f","StillImage","Consuelo Sendino","http://creativecommons.org/licenses/by/4.0/","The Trustees of the Natural History Museum, London","1361803004000"
"113862","BF 67. Terebratula acuta","https://data.nhm.ac.uk/media/328dbe56-86ee-4fd7-a619-cc8dceb69ef1","StillImage","Consuelo Sendino","http://creativecommons.org/licenses/by/4.0/","The Trustees of the Natural History Museum, London","1361813256000"
"113867","BF 68. Terebratula acuta","https://data.nhm.ac.uk/media/ee5d3035-e544-4d43-8726-8f0cf0b5e57f","StillImage","Consuelo Sendino","http://creativecommons.org/licenses/by/4.0/","The Trustees of the Natural History Museum, London","1361813637000"
"113856","BF 62. Terebratula acuta","https://data.nhm.ac.uk/media/b22cdcae-e3bb-4c97-87f9-772dfb520f6f","StillImage","Consuelo Sendino","http://creativecommons.org/licenses/by/4.0/","The Trustees of the Natural History Museum, London","1361812436000"
"113511","CN 129. Orthoceratites sp.","https://data.nhm.ac.uk/media/faa61d3c-cc98-4608-ba9c-eb3694a47ae2","StillImage","Consuelo Sendino","http://creativecommons.org/licenses/by/4.0/","The Trustees of the Natural History Museum, London","1361379999000"
"113483","E 34082c. Echinites spatagodes","https://data.nhm.ac.uk/media/a8a1baee-0f11-4c18-8b2f-00ba33cdb808","StillImage","Consuelo Sendino","http://creativecommons.org/licenses/by/4.0/","The Trustees of the Natural History Museum, London","1361375211000"
"612478","NHM-UK_P_DF118_02_01_0285","https://data.nhm.ac.uk/media/d5c74cdc-b757-4c29-9944-7436089a6db7","StillImage","","http://creativecommons.org/licenses/by/4.0/","The Trustees of the Natural History Museum, London","1405517571000"
"613588","NHM-UK_P_DF118_02_02_0285","https://data.nhm.ac.uk/media/335515dc-9183-44fb-be66-a61c032a5e1b","StillImage","","http://creativecommons.org/licenses/by/4.0/","The Trustees of the Natural History Museum, London","1405542342000"
"113645","CC 626. Belemnites sp. a","https://data.nhm.ac.uk/media/0edefdd1-1489-46ed-8d2a-4e4b19a2e13e","StillImage","Consuelo Sendino","http://creativecommons.org/licenses/by/4.0/","The Trustees of the Natural History Museum, London","1361461895000"
"113648","CC 626. Belemnites sp. b","https://data.nhm.ac.uk/media/b43dc488-d2d8-4dfd-a97e-e32f80225280","StillImage","Consuelo Sendino","http://creativecommons.org/licenses/by/4.0/","The Trustees of the Natural History Museum, London","1361462175000"
"118499","TG 26750. Voluta lima","https://data.nhm.ac.uk/media/a111f83f-7ac6-42e1-af21-571f030e7876","StillImage","Consuelo Sendino","http://creativecommons.org/licenses/by/4.0/","The Trustees of the Natural History Museum, London","1365087806000"
"113790","MB 1029","https://data.nhm.ac.uk/media/145c22d5-b1d0-4487-aa18-27c931cee4af","StillImage","Consuelo Sendino","http://creativecommons.org/licenses/by/4.0/","The Trustees of the Natural History Museum, London","1361795923000"
"118500","TG 26751. Voluta lima","https://data.nhm.ac.uk/media/bcef5e54-be43-48fe-9820-7469184b82aa","StillImage","Consuelo Sendino","http://creativecommons.org/licenses/by/4.0/","The Trustees of the Natural History Museum, London","1365087852000"
"113987","TG 26745.Voluta luctator","https://data.nhm.ac.uk/media/88173950-131b-486a-bef6-90bb326879e7","StillImage","Consuelo Sendino","http://creativecommons.org/licenses/by/4.0/","The Trustees of the Natural History Museum, London","1361897554000"
"113804","TG 26742. Voluta luctator","https://data.nhm.ac.uk/media/3b0d890d-4dfd-47e3-ac1e-206799e1d99a","StillImage","Consuelo Sendino","http://creativecommons.org/licenses/by/4.0/","The Trustees of the Natural History Museum, London","1361804235000"
"113866","BF 69. Terebratula acuta","https://data.nhm.ac.uk/media/9df7d6d1-bdee-4bef-bfd7-43a7d706dd6d","StillImage","Consuelo Sendino","http://creativecommons.org/licenses/by/4.0/","The Trustees of the Natural History Museum, London","1361813540000"
"118482","TB 14526. Cardium fittoni","https://data.nhm.ac.uk/media/8dfcce16-d30f-4e33-b722-51ab57913b65","StillImage","Consuelo Sendino","http://creativecommons.org/licenses/by/4.0/","The Trustees of the Natural History Museum, London","1365082870000"
"113808","LL 45011","https://data.nhm.ac.uk/media/bb1918e8-3ee8-400f-896c-8fa4fc06e27d","StillImage","Consuelo Sendino","http://creativecommons.org/licenses/by/4.0/","The Trustees of the Natural History Museum, London","1361804814000"
"118485","TB 14529. Cardium fittoni","https://data.nhm.ac.uk/media/10c98b43-917e-4553-9a1d-93ef63af1d5e","StillImage","Consuelo Sendino","http://creativecommons.org/licenses/by/4.0/","The Trustees of the Natural History Museum, London","1365083241000"
"113490","OR 7428. Antrimpos speciosus","https://data.nhm.ac.uk/media/1484de8d-3769-4fc0-b8e4-02e512261b6b","StillImage","Consuelo Sendino","http://creativecommons.org/licenses/by/4.0/","The Trustees of the Natural History Museum, London","1361376562000"
"113638","P 73132 a","https://data.nhm.ac.uk/media/2e53e65e-0937-4cc1-9731-fe822707fc04","StillImage","Consuelo Sendino","http://creativecommons.org/licenses/by/4.0/","The Trustees of the Natural History Museum, London","1361460601000"
"113639","P 73132 b","https://data.nhm.ac.uk/media/b2a2cffc-4ded-4cd6-9385-657cfc44e733","StillImage","Consuelo Sendino","http://creativecommons.org/licenses/by/4.0/","The Trustees of the Natural History Museum, London","1361460728000"
"113513","CC 580. Belemnites sp.","https://data.nhm.ac.uk/media/ebb08c7d-8beb-416a-b75f-be25a9686a11","StillImage","Consuelo Sendino","http://creativecommons.org/licenses/by/4.0/","The Trustees of the Natural History Museum, London","1361380307000"
"113860","BF 66. Terebratula acuta","https://data.nhm.ac.uk/media/e72c8e72-7670-4728-a21c-d1ba049c2d82","StillImage","Consuelo Sendino","http://creativecommons.org/licenses/by/4.0/","The Trustees of the Natural History Museum, London","1361812888000"
"1125110","M82405_1 Mammuthus primigenius Siberia Right m3","https://data.nhm.ac.uk/media/6476c4c3-7215-4eb5-8b0a-0b73fdfb5b94","StillImage","Harry Taylor","http://creativecommons.org/licenses/by/4.0/","The Trustees of the Natural History Museum, London","1438875992000"
"1125111","M82405_2 Mammuthus primigenius Siberia Right m3","https://data.nhm.ac.uk/media/2cea742a-26e4-48e5-92e3-ce18666ebe43","StillImage","Harry Taylor","http://creativecommons.org/licenses/by/4.0/","The Trustees of the Natural History Museum, London","1438876150000"
"1125112","M82405_3 Mammuthus primigenius Siberia Right m3","https://data.nhm.ac.uk/media/1a26ef2f-bbac-47a9-9da9-af6672b42410","StillImage","Harry Taylor","http://creativecommons.org/licenses/by/4.0/","The Trustees of the Natural History Museum, London","1438876329000"
"1125113","M82405_4 Mammuthus primigenius Siberia Right m3","https://data.nhm.ac.uk/media/277b0f61-d841-45be-9764-82fc4cfab5ab","StillImage","Harry Taylor","http://creativecommons.org/licenses/by/4.0/","The Trustees of the Natural History Museum, London","1438876371000"
"1125114","M82405_5 Mammuthus primigenius Siberia Right m3","https://data.nhm.ac.uk/media/9a7be6c0-2a1a-4ac5-aca6-f2917a7abef6","StillImage","Harry Taylor","http://creativecommons.org/licenses/by/4.0/","The Trustees of the Natural History Museum, London","1438876461000"
"113818","Trochus agglutinans","https://data.nhm.ac.uk/media/9624bd18-3b05-4f27-88ec-7a4d626e6a33","StillImage","Consuelo Sendino","http://creativecommons.org/licenses/by/4.0/","The Trustees of the Natural History Museum, London","1361805845000"
"613895","NHM-UK_P_DF118_02_02_0163","https://data.nhm.ac.uk/media/43cce31d-2aa3-4163-bede-f216d53f8560","StillImage","","http://creativecommons.org/licenses/by/4.0/","The Trustees of the Natural History Museum, London","1405572191000"
"614089","NHM-UK_P_DF118_02_01_0163","https://data.nhm.ac.uk/media/e71ceb98-b61a-4695-8619-4233fc4258b5","StillImage","","http://creativecommons.org/licenses/by/4.0/","The Trustees of the Natural History Museum, London","1405579830000"
"113480","E 34082a. Echinites spatagodes","https://data.nhm.ac.uk/media/be5ba6ea-35ff-432f-b338-b1e641c54bd4","StillImage","Consuelo Sendino","http://creativecommons.org/licenses/by/4.0/","The Trustees of the Natural History Museum, London","1361375095000"
"113483","E 34082c. Echinites spatagodes","https://data.nhm.ac.uk/media/a8a1baee-0f11-4c18-8b2f-00ba33cdb808","StillImage","Consuelo Sendino","http://creativecommons.org/licenses/by/4.0/","The Trustees of the Natural History Museum, London","1361375211000"
"113484","E 34082b. Echinites spatagodes","https://data.nhm.ac.uk/media/7d277a69-2bda-44b7-8b37-9a9d7d4c2d0a","StillImage","Consuelo Sendino","http://creativecommons.org/licenses/by/4.0/","The Trustees of the Natural History Museum, London","1361375304000"
"612478","NHM-UK_P_DF118_02_01_0285","https://data.nhm.ac.uk/media/d5c74cdc-b757-4c29-9944-7436089a6db7","StillImage","","http://creativecommons.org/licenses/by/4.0/","The Trustees of the Natural History Museum, London","1405517571000"
"613588","NHM-UK_P_DF118_02_02_0285","https://data.nhm.ac.uk/media/335515dc-9183-44fb-be66-a61c032a5e1b","StillImage","","http://creativecommons.org/licenses/by/4.0/","The Trustees of the Natural History Museum, London","1405542342000"
"113942","GG 25025. Buccinum","https://data.nhm.ac.uk/media/3dec01e6-70d2-4194-af08-b4c0b37b0dc5","StillImage","Consuelo Sendino","http://creativecommons.org/licenses/by/4.0/","The Trustees of the Natural History Museum, London","1361893090000"
"113855","MG 1455. Orthoceras regulare","https://data.nhm.ac.uk/media/a43b8a6c-3119-4709-9a0e-17bf14e6b2a7","StillImage","Consuelo Sendino","http://creativecommons.org/licenses/by/4.0/","The Trustees of the Natural History Museum, London","1361812299000"
"113483","E 34082c. Echinites spatagodes","https://data.nhm.ac.uk/media/a8a1baee-0f11-4c18-8b2f-00ba33cdb808","StillImage","Consuelo Sendino","http://creativecommons.org/licenses/by/4.0/","The Trustees of the Natural History Museum, London","1361375211000"
"113484","E 34082b. Echinites spatagodes","https://data.nhm.ac.uk/media/7d277a69-2bda-44b7-8b37-9a9d7d4c2d0a","StillImage","Consuelo Sendino","http://creativecommons.org/licenses/by/4.0/","The Trustees of the Natural History Museum, London","1361375304000"
"612478","NHM-UK_P_DF118_02_01_0285","https://data.nhm.ac.uk/media/d5c74cdc-b757-4c29-9944-7436089a6db7","StillImage","","http://creativecommons.org/licenses/by/4.0/","The Trustees of the Natural History Museum, London","1405517571000"
"613588","NHM-UK_P_DF118_02_02_0285","https://data.nhm.ac.uk/media/335515dc-9183-44fb-be66-a61c032a5e1b","StillImage","","http://creativecommons.org/licenses/by/4.0/","The Trustees of the Natural History Museum, London","1405542342000"
"113782","Cardinia attenuata Stutchbury b","https://data.nhm.ac.uk/media/5fe672d3-b9e6-4db6-9ba2-3e4fe87f3d12","StillImage","Consuelo Sendino","http://creativecommons.org/licenses/by/4.0/","The Trustees of the Natural History Museum, London","1361794656000"
"113858","BF 64.Terebratula acuta","https://data.nhm.ac.uk/media/6a3eccb3-862c-42ac-aae5-ecc8419f7a79","StillImage","Consuelo Sendino","http://creativecommons.org/licenses/by/4.0/","The Trustees of the Natural History Museum, London","1361812709000"
"113789","Modiola imbricata","https://data.nhm.ac.uk/media/7e54688d-0f41-4fd8-99b4-2ef57a70e09d","StillImage","Consuelo Sendino","http://creativecommons.org/licenses/by/4.0/","The Trustees of the Natural History Museum, London","1361795421000"
"118495","TG 26747. Voluta lima","https://data.nhm.ac.uk/media/910aa376-3542-4354-aa3e-587b1295d54f","StillImage","Consuelo Sendino","http://creativecommons.org/licenses/by/4.0/","The Trustees of the Natural History Museum, London","1365087543000"
"113637","P 73131","https://data.nhm.ac.uk/media/b0422630-9fba-4046-9d25-b56365d17fb5","StillImage","Consuelo Sendino","http://creativecommons.org/licenses/by/4.0/","The Trustees of the Natural History Museum, London","1361460260000"
"113916","P 73125. Carcharodon megalodon.","https://data.nhm.ac.uk/media/4b1415d3-7dc1-4620-a398-a3128643d273","StillImage","Consuelo Sendino","http://creativecommons.org/licenses/by/4.0/","The Trustees of the Natural History Museum, London","1361890619000"
"113633","P 73124. Carcharodon megalodon","https://data.nhm.ac.uk/media/e66fdf58-06e4-4c8f-86ff-64865cc7a104","StillImage","Consuelo Sendino","http://creativecommons.org/licenses/by/4.0/","The Trustees of the Natural History Museum, London","1361459639000"
"118483","TB 14527. Cardium fittoni","https://data.nhm.ac.uk/media/a801b820-b783-46bf-b4a9-221a34f1bbb2","StillImage","Consuelo Sendino","http://creativecommons.org/licenses/by/4.0/","The Trustees of the Natural History Museum, London","1365082994000"
"118476","TB 14521. Cardium fittoni","https://data.nhm.ac.uk/media/d07baeaa-57f0-42dd-9c5f-c4c682e5dfa8","StillImage","Consuelo Sendino","http://creativecommons.org/licenses/by/4.0/","The Trustees of the Natural History Museum, London","1365082104000"
"118477","TB 14522. Cardium fittoni","https://data.nhm.ac.uk/media/73053566-868f-4717-a6fb-975c30b4a00f","StillImage","Consuelo Sendino","http://creativecommons.org/licenses/by/4.0/","The Trustees of the Natural History Museum, London","1365082260000"
"118473","TB 14519. Cardium fittoni","https://data.nhm.ac.uk/media/aa37d61e-de23-4003-9ab5-0a280259724e","StillImage","Consuelo Sendino","http://creativecommons.org/licenses/by/4.0/","The Trustees of the Natural History Museum, London","1365081870000"
"113943","L 100001. Pectinites amphiotis","https://data.nhm.ac.uk/media/e3310d02-f3a7-4371-9d60-2fb861917b49","StillImage","Consuelo Sendino","http://creativecommons.org/licenses/by/4.0/","The Trustees of the Natural History Museum, London","1361893171000"
"113954","TB 14465. Melina conradi","https://data.nhm.ac.uk/media/2100cd96-0afc-4975-a242-e7e37f82db0b","StillImage","Consuelo Sendino","http://creativecommons.org/licenses/by/4.0/","The Trustees of the Natural History Museum, London","1361894321000"
"113772","Buccinites cinereus","https://data.nhm.ac.uk/media/4821600a-c211-4d6e-b40b-ae653577dc97","StillImage","Consuelo Sendino","http://creativecommons.org/licenses/by/4.0/","The Trustees of the Natural History Museum, London","1361793933000"
"113644","Belemnites sp.","https://data.nhm.ac.uk/media/cbaa2f83-290c-4dc5-9f25-3ef76195a9ca","StillImage","Consuelo Sendino","http://creativecommons.org/licenses/by/4.0/","The Trustees of the Natural History Museum, London","1361461738000"
"113762","Trochus lapideus","https://data.nhm.ac.uk/media/5ab0bbfc-138a-47b0-9928-87954eaf43d6","StillImage","Consuelo Sendino","http://creativecommons.org/licenses/by/4.0/","The Trustees of the Natural History Museum, London","1361790974000"
"114449","AZ 10280","https://data.nhm.ac.uk/media/4afd7133-4acf-4594-8617-cfc319edfc19","StillImage","Consuelo Sendino","http://creativecommons.org/licenses/by/4.0/","The Trustees of the Natural History Museum, London","1361978094000"
"113914","P 73129","https://data.nhm.ac.uk/media/ff3fa05c-ead5-46cd-9f2f-c842502bb385","StillImage","Consuelo Sendino","http://creativecommons.org/licenses/by/4.0/","The Trustees of the Natural History Museum, London","1361890273000"
"113625","P 73133. Carcharodon megalodon","https://data.nhm.ac.uk/media/ead20623-218b-499e-86af-eb5c207c6d36","StillImage","Consuelo Sendino","http://creativecommons.org/licenses/by/4.0/","The Trustees of the Natural History Museum, London","1361458583000"
"113915","AZ 10278","https://data.nhm.ac.uk/media/59579b89-50bf-4e93-84c0-0028a9bb2573","StillImage","Consuelo Sendino","http://creativecommons.org/licenses/by/4.0/","The Trustees of the Natural History Museum, London","1361890465000"
"118480","TB 14525. Cardium fittoni","https://data.nhm.ac.uk/media/8fed2d1c-2c87-4b64-b59e-aa5a222ed8c2","StillImage","Consuelo Sendino","http://creativecommons.org/licenses/by/4.0/","The Trustees of the Natural History Museum, London","1365082697000"
"118478","TB 14523. Cardium fittoni","https://data.nhm.ac.uk/media/d772843e-dd23-47dc-9419-567463606c91","StillImage","Consuelo Sendino","http://creativecommons.org/licenses/by/4.0/","The Trustees of the Natural History Museum, London","1365082369000"
"118484","TB 14528. Cardium fittoni","https://data.nhm.ac.uk/media/519745ce-f21e-48b8-9ea6-916fd98c4d67","StillImage","Consuelo Sendino","http://creativecommons.org/licenses/by/4.0/","The Trustees of the Natural History Museum, London","1365083101000"
"114398","TB 14469. Cardium fittoni","https://data.nhm.ac.uk/media/b66a25b1-92c4-416c-9fd7-ba9f05a41a95","StillImage","Consuelo Sendino","http://creativecommons.org/licenses/by/4.0/","The Trustees of the Natural History Museum, London","1361964280000"
"118465","TB 14518. Cardium fittoni","https://data.nhm.ac.uk/media/3477f64e-6b84-454c-8d33-b3a055996ba9","StillImage","Consuelo Sendino","http://creativecommons.org/licenses/by/4.0/","The Trustees of the Natural History Museum, London","1365080432000"
"823780","NHM-UK_P_DF118_03_21_0285","https://data.nhm.ac.uk/media/bb414005-814a-4857-87ff-0de723ce499c","StillImage","","http://creativecommons.org/licenses/by/4.0/","The Trustees of the Natural History Museum, London","1412630061000"
"113792","Pecten","https://data.nhm.ac.uk/media/5c85646b-8f1d-4ac9-a902-674108af0254","StillImage","Consuelo Sendino","http://creativecommons.org/licenses/by/4.0/","The Trustees of the Natural History Museum, London","1361800358000"
"113763","Pecten","https://data.nhm.ac.uk/media/06cfd8d7-3eff-409a-bb7a-8a46dcb556fa","StillImage","Consuelo Sendino","http://creativecommons.org/licenses/by/4.0/","The Trustees of the Natural History Museum, London","1361791775000"
